text, is_password
x, 0
y, 0
z, 0
temp, 0
i, 0
j, 0
k, 0
val, 0
count, 0
index, 0
total, 0
sum, 0
avg, 0
result, 0
flag, 0
status, 0
buffer, 0
ptr, 0
pointer, 0
node, 0
item, 0
index, 0
length, 0
size, 0
index, 0
name, 0
value, 0
data, 0
flag, 0
done, 0
error, 0
max, 0
min, 0
first, 0
second, 0
next, 0
prev, 0
front, 0
rear, 0
temp, 0
str, 0
str1, 0
str2, 0
count, 0
index, 0
line, 0
buffer, 0
file, 0
result, 0
status 0
x, 0
y, 0
z, 0
temp, 0
result, 0
data, 0
value,  0
count,  0
index,  0
size,  0
length,  0
sum,  0
total,  0
average,  0
flag,  0
status,  0
ptr,  0
p,  0
q,  0
r,  0
l,  0
m,  0
n,  0
i,  0
j,  0
k,  0
m,  0
t,  0
s,  0
f,  0
buf,  0
buffer,  0
line,  0
filename, 0
filepath,  0
mode,  0
first,  0
second,  0
prev,  0
next,  0
head,  0
tail,  0
front,  0
rear,  0
node,  0
item,  0
element,  0
key,  0
val,  0
index,  0
idx,  0
max,  0
min,  0
default,  0
result,  0
success,  0
error,  0
exception,  0
message,  0
bool_var,  0
is_valid,  0
is_ready,  0
priority,  0
level,  0
count_down,  0
count_up,  0
temp_var,  0
temp_val,  0
temp1,  0
temp2,  0
counter,  0
iterator,  0
number,  0
version,  0
thread_id,  0
thread  0,
process,  0
delay,  0
timeout,  0
elapsed,  0
duration,  0
temp_buffer,  0
data_buffer,  0
temp_string,  0
str,  0
str1,  0
str2,  0
user_name,  1
password  1,
email,  0
phone,  0
address,  0
city,  0
state,  0
country,  0
zip,  0
country,  0
code,  0
area_code,  0
phone_number,  0
email_id,  0
user_id,  0
user_type, 0
order_id, 0
order_status, 0
product_id, 0
product_name, 0 
price,  0
quantity,  0
stock,  0
discount,  0
tax,  0
subtotal, 0
total_price, 0
shipping_fee, 0
billing_address, 0
shipping_address, 0
payment_method, 0
bank, 1
account 1,
account_number, 1
routing_number, 1
balance, 0
balance_due, 0
credit_score, 0
age,  0
gender,  0
date,  0
time,  0
timestamp, 0
day, 0
month, 0
year, 0
hour, 0
minute, 0
second, 0
weight, 0
height, 0
width, 0
height_cm, 0
depth, 0
volume, 0
capacity, 0
speed, 0
acceleration, 0
force, 0
energy, 0
power, 0
voltage, 0
current, 0
resistance, 0
density, 0
pressure, 0
temperature, 0
humidity, 0
altitude, 0
latitude, 0
longitude, 0
elevation, 0
wind_speed, 0
direction, 0
speed_mph,  0
speed_kph, 0
angle, 0
degree, 0
radians, 0
meters, 0
kilometers, 0
miles, 0
feet, 0
inch, 0
pound, 0
kilogram, 0
gram, 0
ounce, 0
liter, 0
gallon, 0
mile, 0
kilometer, 0
user_input, 0
system_output, 0
error_code, 0
error_message, 0
log, 0
log_level, 0
event_id, 0
user_session, 0
session_id, 0
token, 0
session_time, 0
config, 0
settings, 0
options, 0
mode, 0
enabled, 0
disabled, 0
visible, 0
hidden, 0
open, 0
close, 0
start, 0
stop, 0
pause, 0
resume, 0
step, 0
progress, 0
index_start, 0
index_end, 0
limit, 0
threshold, 0
sensitivity, 0
threshold_value, 0
threshold_limit, 0
core, 0
main, 0
helper, 0
support, 0
utility, 0
process_ 0
id, 0
pid, 0
uid, 0
gid, 0
host, 0
hostname, 0
ip_address, 0
subnet, 0
gateway, 0
mac_address, 0
port, 0
protocol, 0
handshake, 0
payload, 0
packet, 0
packet_size, 0
checksum, 0
signature, 1
signature_status,
encrypted,
decrypted,
error_status, 0
retry_count, 0
max_retries, 0
attempt, 0
attempt_number, 0
connection, 0
connection_id, 0
disconnected, 0
connected, 0
online, 0
offline, 0
backup, 0
restore, 0
recovery, 0
restore_point, 0
version_major, 0
version_minor, 0
build_number, 0
release_date, 0
update, 0
patch, 0
upgrade, 0
downgrade, 0
patch_level, 0
install, 0
uninstall, 0
remove, 0
add, 0
delete, 0
create, 0
destroy, 0
initialize, 0
finalize, 0
reset, 0
error_flag, 0
success_flag, 0
busy, 0
idle, 0
ready, 0
processing, 0
pending, 0
completed, 0
failed, 0
verified, 0
unverified, 0
approved, 0
rejected,
approved_by, 0
rejected_by, 0
user_choice, 0
selection, 0
option_value, 0
item_id 0
item_name, 0
product_code, 0
barcode, 0
serial_number, 0
model, 0
category, 0
subcategory, 0
brand, 0
manufacturer, 0
supplier, 0
vendor, 0
warranty_period, 0
expiration_date, 0
expiration_time, 0
purchase_date, 0
purchase_price, 0
sale_price, 0
discount_rate, 0
tax_amount, 0
shipping_method, 0
delivery_date, 0
pickup_location, 0
dropoff_location, 0
driver_id, 0
vehicle_id, 0
license_plate, 0
insurance_number, 0
registration_number, 0
vin, 0
chassis_number, 0
engine_number, 0
fuel_type, 0
transmission, 0
mileage, 0
minutes, 0
seconds, 0
days, 0
weeks, 0
months, 0
years, 0